{"count":1,"self":893.902336,"total":1305.9133818,"children":{"InitializeActuators":{"count":6,"self":0.0020005,"total":0.0020005,"children":null},"InitializeSensors":{"count":6,"self":0.0010004,"total":0.0010004,"children":null},"AgentSendState":{"count":111834,"self":2.7143172,"total":10.989119299999999,"children":{"CollectObservations":{"count":335502,"self":0.82784669999999994,"total":0.82784669999999994,"children":null},"WriteActionMask":{"count":335502,"self":0.69974059999999993,"total":0.69974059999999993,"children":null},"RequestDecision":{"count":335502,"self":2.3892536,"total":6.7472148,"children":{"AgentInfo.ToProto":{"count":335502,"self":1.8844471999999999,"total":4.3579612999999995,"children":{"GenerateSensorData":{"count":335502,"self":2.4735139999999998,"total":2.4735141,"children":null}}}}}}},"DecideAction":{"count":111834,"self":400.00655359999996,"total":400.00656499999997,"children":null},"AgentAct":{"count":111834,"self":0.9473153,"total":1.0123332,"children":{"AgentInfo.ToProto":{"count":4470,"self":0.035008199999999996,"total":0.0650179,"children":{"GenerateSensorData":{"count":4470,"self":0.0300097,"total":0.0300097,"children":null}}}}}},"gauges":{"test.CumulativeReward":{"count":4470,"max":1,"min":0,"runningAverage":0.303518474,"value":0.3625409,"weightedAverage":0.237375855}},"metadata":{"timer_format_version":"0.1.0","start_time_seconds":"1647553561","unity_version":"2021.2.15f1","command_line_arguments":"C:\\Program Files\\Unity\\2021.2.15f1\\Editor\\Unity.exe -projectpath F:\\New folder\\My project (1) -useHub -hubIPC -cloudEnvironment production -licensingIpc LicenseClient-Jokis -hubSessionId 8320c650-a615-11ec-8880-018a0a5d76b7 -accessToken X8HwCZoYmB9G6GtJy140vK_wVVU8Hoj3bcBV_l-IMD4005f","communication_protocol_version":"1.5.0","com.unity.ml-agents_version":"2.2.1-exp.1","scene_name":"TSPML","end_time_seconds":"1647554867"}}